row_id,video_id,agent_id,target_id,action,start_frame,stop_frame
0,438887472,mouse1,mouse2,avoid,824,825
1,438887472,mouse1,mouse2,avoid,838,846
2,438887472,mouse1,mouse2,chase,5530,5533
3,438887472,mouse1,mouse2,chase,5537,5539
4,438887472,mouse1,mouse2,chase,17969,17970
5,438887472,mouse1,mouse3,avoid,2293,2295
6,438887472,mouse1,mouse3,chase,9290,9291
7,438887472,mouse1,mouse3,chase,12964,12965
8,438887472,mouse1,mouse3,chase,12974,12975
9,438887472,mouse1,mouse3,chase,15007,15009
10,438887472,mouse1,mouse3,chase,15017,15019
11,438887472,mouse1,mouse3,chase,15890,15891
12,438887472,mouse1,self,rear,278,279
13,438887472,mouse1,self,rear,378,379
14,438887472,mouse1,self,rear,399,400
15,438887472,mouse1,self,rear,401,402
16,438887472,mouse1,self,rear,439,489
17,438887472,mouse1,self,rear,1062,1064
18,438887472,mouse1,self,rear,1260,1261
19,438887472,mouse1,self,rear,1262,1266
20,438887472,mouse1,self,rear,1268,1269
21,438887472,mouse1,self,rear,1275,1277
22,438887472,mouse1,self,rear,1325,1326
23,438887472,mouse1,self,rear,1327,1328
24,438887472,mouse1,self,rear,1329,1330
25,438887472,mouse1,self,rear,1331,1332
26,438887472,mouse1,self,rear,1465,1466
27,438887472,mouse1,self,rear,1467,1468
28,438887472,mouse1,self,rear,1470,1473
29,438887472,mouse1,self,rear,1483,1488
30,438887472,mouse1,self,rear,1491,1493
31,438887472,mouse1,self,rear,1497,1498
32,438887472,mouse1,self,rear,1507,1508
33,438887472,mouse1,self,rear,1514,1515
34,438887472,mouse1,self,rear,1517,1521
35,438887472,mouse1,self,rear,1522,1523
36,438887472,mouse1,self,rear,1524,1526
37,438887472,mouse1,self,rear,1527,1528
38,438887472,mouse1,self,rear,1531,1532
39,438887472,mouse1,self,rear,1565,1570
40,438887472,mouse1,self,rear,1571,1572
41,438887472,mouse1,self,rear,1575,1577
42,438887472,mouse1,self,rear,1601,1602
43,438887472,mouse1,self,rear,1712,1713
44,438887472,mouse1,self,rear,1736,1737
45,438887472,mouse1,self,rear,1923,1924
46,438887472,mouse1,self,rear,1926,1927
47,438887472,mouse1,self,rear,2136,2137
48,438887472,mouse1,self,rear,2163,2164
49,438887472,mouse1,self,rear,2170,2171
50,438887472,mouse1,self,rear,2177,2189
51,438887472,mouse1,self,rear,2190,2191
52,438887472,mouse1,self,rear,2344,2346
53,438887472,mouse1,self,rear,2347,2349
54,438887472,mouse1,self,rear,2351,2352
55,438887472,mouse1,self,rear,2383,2390
56,438887472,mouse1,self,rear,2391,2392
57,438887472,mouse1,self,rear,2513,2514
58,438887472,mouse1,self,rear,3036,3037
59,438887472,mouse1,self,rear,3055,3057
60,438887472,mouse1,self,rear,4253,4282
61,438887472,mouse1,self,rear,4293,4294
62,438887472,mouse1,self,rear,4300,4390
63,438887472,mouse1,self,rear,5577,5579
64,438887472,mouse1,self,rear,6426,6427
65,438887472,mouse1,self,rear,6428,6431
66,438887472,mouse1,self,rear,6432,6438
67,438887472,mouse1,self,rear,6440,6452
68,438887472,mouse1,self,rear,6455,6456
69,438887472,mouse1,self,rear,6457,6464
70,438887472,mouse1,self,rear,6466,6471
71,438887472,mouse1,self,rear,8413,8414
72,438887472,mouse1,self,rear,8880,8881
73,438887472,mouse1,self,rear,8925,8941
74,438887472,mouse1,self,rear,8942,8943
75,438887472,mouse1,self,rear,8945,8946
76,438887472,mouse1,self,rear,8951,8953
77,438887472,mouse1,self,rear,8954,8963
78,438887472,mouse1,self,rear,8964,8966
79,438887472,mouse1,self,rear,8967,8984
80,438887472,mouse1,self,rear,8985,8987
81,438887472,mouse1,self,rear,8988,8989
82,438887472,mouse1,self,rear,8990,9053
83,438887472,mouse1,self,rear,9057,9058
84,438887472,mouse1,self,rear,11486,11488
85,438887472,mouse1,self,rear,11489,11497
86,438887472,mouse1,self,rear,11498,11499
87,438887472,mouse1,self,rear,11501,11529
88,438887472,mouse1,self,rear,12431,12432
89,438887472,mouse1,self,rear,12439,12440
90,438887472,mouse1,self,rear,12506,12507
91,438887472,mouse1,self,rear,13250,13251
92,438887472,mouse1,self,rear,14464,14466
93,438887472,mouse1,self,rear,14469,14474
94,438887472,mouse1,self,rear,14476,14477
95,438887472,mouse1,self,rear,14480,14520
96,438887472,mouse1,self,rear,14525,14526
97,438887472,mouse1,self,rear,14673,14676
98,438887472,mouse1,self,rear,14679,14680
99,438887472,mouse1,self,rear,14681,14699
100,438887472,mouse1,self,rear,15376,15377
101,438887472,mouse1,self,rear,16534,16538
102,438887472,mouse1,self,rear,16539,16558
103,438887472,mouse1,self,rear,18019,18034
104,438887472,mouse1,self,rear,18036,18039
105,438887472,mouse2,mouse1,avoid,415,416
106,438887472,mouse2,mouse1,attack,759,760
107,438887472,mouse2,mouse1,avoid,1156,1157
108,438887472,mouse2,mouse1,avoid,1159,1160
109,438887472,mouse2,mouse1,avoid,1965,1966
110,438887472,mouse2,mouse1,avoid,3428,3429
111,438887472,mouse2,mouse1,approach,8883,8884
112,438887472,mouse2,mouse1,attack,12455,12456
113,438887472,mouse2,mouse1,attack,12457,12458
114,438887472,mouse2,mouse1,attack,12486,12487
115,438887472,mouse2,mouse1,attack,12492,12493
116,438887472,mouse2,mouse1,attack,12510,12511
117,438887472,mouse2,mouse1,attack,12521,12535
118,438887472,mouse2,mouse1,attack,12541,12542
119,438887472,mouse2,mouse1,attack,12543,12547
120,438887472,mouse2,mouse1,attack,12556,12557
121,438887472,mouse2,mouse1,avoid,12685,12697
122,438887472,mouse2,mouse1,avoid,12698,12699
123,438887472,mouse2,mouse1,avoid,13004,13007
124,438887472,mouse2,mouse1,approach,16614,16616
125,438887472,mouse2,mouse1,approach,16622,16623
126,438887472,mouse2,mouse1,approach,16624,16626
127,438887472,mouse2,mouse1,avoid,16743,16744
128,438887472,mouse2,mouse1,avoid,16747,16748
129,438887472,mouse2,mouse1,avoid,16760,16763
130,438887472,mouse2,mouse1,avoid,16767,16769
131,438887472,mouse2,mouse1,avoid,16872,16873
132,438887472,mouse2,mouse1,chaseattack,17969,17970
133,438887472,mouse2,mouse3,avoid,719,720
134,438887472,mouse2,mouse3,avoid,721,722
135,438887472,mouse2,mouse3,avoid,2609,2610
136,438887472,mouse2,mouse3,avoid,4248,4251
137,438887472,mouse2,mouse3,avoid,4408,4410
138,438887472,mouse2,mouse3,avoid,8503,8504
139,438887472,mouse2,mouse3,chase,9290,9291
140,438887472,mouse2,mouse3,chase,12964,12965
141,438887472,mouse2,mouse3,chase,12974,12975
142,438887472,mouse2,mouse3,avoid,14095,14096
143,438887472,mouse2,mouse3,chase,15007,15009
144,438887472,mouse2,mouse3,chase,15017,15019
145,438887472,mouse2,mouse3,chase,15890,15891
146,438887472,mouse2,mouse3,attack,18119,18121
147,438887472,mouse2,mouse3,avoid,18128,18129
148,438887472,mouse2,mouse3,approach,18197,18198
149,438887472,mouse2,mouse3,avoid,18241,18242
150,438887472,mouse2,mouse3,avoid,18245,18246
151,438887472,mouse2,mouse3,attack,18306,18307
152,438887472,mouse2,self,rear,227,228
153,438887472,mouse2,self,rear,371,373
154,438887472,mouse2,self,rear,459,460
155,438887472,mouse2,self,rear,469,470
156,438887472,mouse2,self,rear,472,474
157,438887472,mouse2,self,rear,476,478
158,438887472,mouse2,self,rear,483,532
159,438887472,mouse2,self,rear,533,550
160,438887472,mouse2,self,rear,551,552
161,438887472,mouse2,self,rear,554,585
162,438887472,mouse2,self,rear,586,594
163,438887472,mouse2,self,rear,598,601
164,438887472,mouse2,self,rear,603,604
165,438887472,mouse2,self,rear,605,615
166,438887472,mouse2,self,rear,616,617
167,438887472,mouse2,self,rear,618,620
168,438887472,mouse2,self,rear,621,624
169,438887472,mouse2,self,rear,627,628
170,438887472,mouse2,self,rear,641,642
171,438887472,mouse2,self,rear,647,651
172,438887472,mouse2,self,rear,653,654
173,438887472,mouse2,self,rear,663,664
174,438887472,mouse2,self,rear,665,667
175,438887472,mouse2,self,rear,669,670
176,438887472,mouse2,self,rear,773,777
177,438887472,mouse2,self,rear,779,780
178,438887472,mouse2,self,rear,781,783
179,438887472,mouse2,self,rear,786,789
180,438887472,mouse2,self,rear,790,791
181,438887472,mouse2,self,rear,792,793
182,438887472,mouse2,self,rear,797,803
183,438887472,mouse2,self,rear,808,810
184,438887472,mouse2,self,rear,811,816
185,438887472,mouse2,self,rear,817,818
186,438887472,mouse2,self,rear,819,825
187,438887472,mouse2,self,rear,827,828
188,438887472,mouse2,self,rear,846,859
189,438887472,mouse2,self,rear,861,862
190,438887472,mouse2,self,rear,864,866
191,438887472,mouse2,self,rear,871,879
192,438887472,mouse2,self,rear,881,882
193,438887472,mouse2,self,rear,884,889
194,438887472,mouse2,self,rear,1122,1123
195,438887472,mouse2,self,rear,1503,1504
196,438887472,mouse2,self,rear,1534,1554
197,438887472,mouse2,self,rear,1555,1560
198,438887472,mouse2,self,rear,1563,1567
199,438887472,mouse2,self,rear,1568,1602
200,438887472,mouse2,self,rear,1603,1604
201,438887472,mouse2,self,rear,1605,1607
202,438887472,mouse2,self,rear,1868,1872
203,438887472,mouse2,self,rear,1874,1875
204,438887472,mouse2,self,rear,1905,1906
205,438887472,mouse2,self,rear,1932,1933
206,438887472,mouse2,self,rear,2022,2024
207,438887472,mouse2,self,rear,2053,2055
208,438887472,mouse2,self,rear,2061,2062
209,438887472,mouse2,self,rear,2064,2065
210,438887472,mouse2,self,rear,2067,2078
211,438887472,mouse2,self,rear,2080,2086
212,438887472,mouse2,self,rear,2123,2125
213,438887472,mouse2,self,rear,2135,2136
214,438887472,mouse2,self,rear,2148,2150
215,438887472,mouse2,self,rear,2160,2316
216,438887472,mouse2,self,rear,2317,2336
217,438887472,mouse2,self,rear,2337,2352
218,438887472,mouse2,self,rear,2353,2354
219,438887472,mouse2,self,rear,2355,2357
220,438887472,mouse2,self,rear,2359,2431
221,438887472,mouse2,self,rear,2434,2435
222,438887472,mouse2,self,rear,2436,2440
223,438887472,mouse2,self,rear,2446,2447
224,438887472,mouse2,self,rear,2448,2471
225,438887472,mouse2,self,rear,2476,2481
226,438887472,mouse2,self,rear,2486,2492
227,438887472,mouse2,self,rear,2500,2551
228,438887472,mouse2,self,rear,2581,2583
229,438887472,mouse2,self,rear,2584,2585
230,438887472,mouse2,self,rear,2597,2598
231,438887472,mouse2,self,rear,2634,2635
232,438887472,mouse2,self,rear,2752,2753
233,438887472,mouse2,self,rear,2887,2890
234,438887472,mouse2,self,rear,2894,2895
235,438887472,mouse2,self,rear,2900,2905
236,438887472,mouse2,self,rear,2909,2911
237,438887472,mouse2,self,rear,2926,2928
238,438887472,mouse2,self,rear,2975,2976
239,438887472,mouse2,self,rear,2980,2985
240,438887472,mouse2,self,rear,2988,2989
241,438887472,mouse2,self,rear,3089,3090
242,438887472,mouse2,self,rear,3091,3092
243,438887472,mouse2,self,rear,3093,3094
244,438887472,mouse2,self,rear,3097,3098
245,438887472,mouse2,self,rear,3099,3100
246,438887472,mouse2,self,rear,3101,3102
247,438887472,mouse2,self,rear,3104,3105
248,438887472,mouse2,self,rear,3393,3395
249,438887472,mouse2,self,rear,3516,3523
250,438887472,mouse2,self,rear,3590,3592
251,438887472,mouse2,self,rear,3605,3611
252,438887472,mouse2,self,rear,3622,3629
253,438887472,mouse2,self,rear,3633,3644
254,438887472,mouse2,self,rear,3646,3653
255,438887472,mouse2,self,rear,3654,3658
256,438887472,mouse2,self,rear,3756,3757
257,438887472,mouse2,self,rear,3762,3763
258,438887472,mouse2,self,rear,3764,3765
259,438887472,mouse2,self,rear,3767,3768
260,438887472,mouse2,self,rear,3769,3770
261,438887472,mouse2,self,rear,3772,3774
262,438887472,mouse2,self,rear,3790,3791
263,438887472,mouse2,self,rear,3792,3797
264,438887472,mouse2,self,rear,3798,3799
265,438887472,mouse2,self,rear,3800,3803
266,438887472,mouse2,self,rear,3806,3807
267,438887472,mouse2,self,rear,3811,3812
268,438887472,mouse2,self,rear,3846,3847
269,438887472,mouse2,self,rear,3850,3851
270,438887472,mouse2,self,rear,3854,3859
271,438887472,mouse2,self,rear,3863,3864
272,438887472,mouse2,self,rear,3865,3871
273,438887472,mouse2,self,rear,3872,3873
274,438887472,mouse2,self,rear,3875,3876
275,438887472,mouse2,self,rear,3877,3878
276,438887472,mouse2,self,rear,3880,3881
277,438887472,mouse2,self,rear,3888,3889
278,438887472,mouse2,self,rear,3892,3938
279,438887472,mouse2,self,rear,3939,3941
280,438887472,mouse2,self,rear,4030,4031
281,438887472,mouse2,self,rear,4048,4050
282,438887472,mouse2,self,rear,4054,4058
283,438887472,mouse2,self,rear,4109,4110
284,438887472,mouse2,self,rear,4112,4124
285,438887472,mouse2,self,rear,4125,4128
286,438887472,mouse2,self,rear,4129,4130
287,438887472,mouse2,self,rear,4131,4132
288,438887472,mouse2,self,rear,4134,4137
289,438887472,mouse2,self,rear,4141,4155
290,438887472,mouse2,self,rear,4177,4180
291,438887472,mouse2,self,rear,4244,4245
292,438887472,mouse2,self,rear,4247,4248
293,438887472,mouse2,self,rear,4255,4257
294,438887472,mouse2,self,rear,4258,4261
295,438887472,mouse2,self,rear,4262,4268
296,438887472,mouse2,self,rear,4269,4272
297,438887472,mouse2,self,rear,4279,4281
298,438887472,mouse2,self,rear,4284,4285
299,438887472,mouse2,self,rear,4286,4287
300,438887472,mouse2,self,rear,4288,4289
301,438887472,mouse2,self,rear,4290,4298
302,438887472,mouse2,self,rear,4299,4302
303,438887472,mouse2,self,rear,4305,4306
304,438887472,mouse2,self,rear,4355,4357
305,438887472,mouse2,self,rear,4359,4365
306,438887472,mouse2,self,rear,4367,4369
307,438887472,mouse2,self,rear,4372,4374
308,438887472,mouse2,self,rear,4380,4381
309,438887472,mouse2,self,rear,4382,4418
310,438887472,mouse2,self,rear,4419,4436
311,438887472,mouse2,self,rear,4441,4444
312,438887472,mouse2,self,rear,4445,4451
313,438887472,mouse2,self,rear,4458,4459
314,438887472,mouse2,self,rear,4542,4543
315,438887472,mouse2,self,rear,4643,4644
316,438887472,mouse2,self,rear,4647,4683
317,438887472,mouse2,self,rear,4686,4688
318,438887472,mouse2,self,rear,4689,4691
319,438887472,mouse2,self,rear,4693,4694
320,438887472,mouse2,self,rear,4759,4760
321,438887472,mouse2,self,rear,4763,4767
322,438887472,mouse2,self,rear,4820,4821
323,438887472,mouse2,self,rear,4850,4851
324,438887472,mouse2,self,rear,4893,4894
325,438887472,mouse2,self,rear,4895,4896
326,438887472,mouse2,self,rear,4898,4900
327,438887472,mouse2,self,rear,4901,4939
328,438887472,mouse2,self,rear,4943,4945
329,438887472,mouse2,self,rear,4971,4972
330,438887472,mouse2,self,rear,4974,4975
331,438887472,mouse2,self,rear,4981,4982
332,438887472,mouse2,self,rear,5076,5079
333,438887472,mouse2,self,rear,5081,5088
334,438887472,mouse2,self,rear,5089,5090
335,438887472,mouse2,self,rear,5096,5097
336,438887472,mouse2,self,rear,5123,5137
337,438887472,mouse2,self,rear,5138,5143
338,438887472,mouse2,self,rear,5193,5199
339,438887472,mouse2,self,rear,5201,5202
340,438887472,mouse2,self,rear,5226,5228
341,438887472,mouse2,self,rear,5282,5284
342,438887472,mouse2,self,rear,5285,5286
343,438887472,mouse2,self,rear,5288,5294
344,438887472,mouse2,self,rear,5295,5296
345,438887472,mouse2,self,rear,5308,5310
346,438887472,mouse2,self,rear,5320,5321
347,438887472,mouse2,self,rear,5340,5341
348,438887472,mouse2,self,rear,5409,5410
349,438887472,mouse2,self,rear,5414,5416
350,438887472,mouse2,self,rear,5417,5419
351,438887472,mouse2,self,rear,5465,5466
352,438887472,mouse2,self,rear,5468,5471
353,438887472,mouse2,self,rear,5472,5477
354,438887472,mouse2,self,rear,5478,5486
355,438887472,mouse2,self,rear,5487,5497
356,438887472,mouse2,self,rear,5499,5501
357,438887472,mouse2,self,rear,5502,5505
358,438887472,mouse2,self,rear,5507,5508
359,438887472,mouse2,self,rear,5582,5584
360,438887472,mouse2,self,rear,5602,5605
361,438887472,mouse2,self,rear,5606,5622
362,438887472,mouse2,self,rear,5685,5686
363,438887472,mouse2,self,rear,5687,5696
364,438887472,mouse2,self,rear,5697,5706
365,438887472,mouse2,self,rear,5707,5710
366,438887472,mouse2,self,rear,5713,5745
367,438887472,mouse2,self,rear,5747,5751
368,438887472,mouse2,self,rear,5752,5754
369,438887472,mouse2,self,rear,5781,5783
370,438887472,mouse2,self,rear,5951,5955
371,438887472,mouse2,self,rear,5956,5960
372,438887472,mouse2,self,rear,5961,5962
373,438887472,mouse2,self,rear,6041,6045
374,438887472,mouse2,self,rear,6057,6058
375,438887472,mouse2,self,rear,6084,6085
376,438887472,mouse2,self,rear,6131,6134
377,438887472,mouse2,self,rear,6142,6143
378,438887472,mouse2,self,rear,6146,6148
379,438887472,mouse2,self,rear,6149,6156
380,438887472,mouse2,self,rear,6162,6173
381,438887472,mouse2,self,rear,6181,6182
382,438887472,mouse2,self,rear,6202,6205
383,438887472,mouse2,self,rear,6208,6209
384,438887472,mouse2,self,rear,6370,6371
385,438887472,mouse2,self,rear,6386,6387
386,438887472,mouse2,self,rear,6402,6403
387,438887472,mouse2,self,rear,6404,6453
388,438887472,mouse2,self,rear,6523,6527
389,438887472,mouse2,self,rear,6528,6538
390,438887472,mouse2,self,rear,6678,6679
391,438887472,mouse2,self,rear,6739,6740
392,438887472,mouse2,self,rear,6747,6753
393,438887472,mouse2,self,rear,6821,6822
394,438887472,mouse2,self,rear,6831,6833
395,438887472,mouse2,self,rear,6837,6841
396,438887472,mouse2,self,rear,6849,6850
397,438887472,mouse2,self,rear,6918,6919
398,438887472,mouse2,self,rear,6922,6923
399,438887472,mouse2,self,rear,6986,6987
400,438887472,mouse2,self,rear,7127,7129
401,438887472,mouse2,self,rear,7131,7134
402,438887472,mouse2,self,rear,7135,7136
403,438887472,mouse2,self,rear,7137,7140
404,438887472,mouse2,self,rear,7141,7164
405,438887472,mouse2,self,rear,7256,7258
406,438887472,mouse2,self,rear,7259,7261
407,438887472,mouse2,self,rear,7274,7275
408,438887472,mouse2,self,rear,7663,7673
409,438887472,mouse2,self,rear,7707,7715
410,438887472,mouse2,self,rear,7717,7719
411,438887472,mouse2,self,rear,7723,7731
412,438887472,mouse2,self,rear,7732,7734
413,438887472,mouse2,self,rear,7754,7755
414,438887472,mouse2,self,rear,7756,7758
415,438887472,mouse2,self,rear,7760,7761
416,438887472,mouse2,self,rear,7776,7777
417,438887472,mouse2,self,rear,7790,7792
418,438887472,mouse2,self,rear,7830,7834
419,438887472,mouse2,self,rear,7835,7849
420,438887472,mouse2,self,rear,7911,7912
421,438887472,mouse2,self,rear,8033,8035
422,438887472,mouse2,self,rear,8036,8042
423,438887472,mouse2,self,rear,8043,8074
424,438887472,mouse2,self,rear,8082,8095
425,438887472,mouse2,self,rear,8099,8138
426,438887472,mouse2,self,rear,8251,8253
427,438887472,mouse2,self,rear,8254,8255
428,438887472,mouse2,self,rear,8259,8260
429,438887472,mouse2,self,rear,8265,8266
430,438887472,mouse2,self,rear,8273,8274
431,438887472,mouse2,self,rear,8378,8381
432,438887472,mouse2,self,rear,8383,8384
433,438887472,mouse2,self,rear,8387,8388
434,438887472,mouse2,self,rear,8395,8397
435,438887472,mouse2,self,rear,8399,8402
436,438887472,mouse2,self,rear,8403,8413
437,438887472,mouse2,self,rear,8417,8428
438,438887472,mouse2,self,rear,8429,8430
439,438887472,mouse2,self,rear,8431,8462
440,438887472,mouse2,self,rear,8463,8464
441,438887472,mouse2,self,rear,8468,8470
442,438887472,mouse2,self,rear,8474,8478
443,438887472,mouse2,self,rear,8479,8486
444,438887472,mouse2,self,rear,8487,8488
445,438887472,mouse2,self,rear,8490,8492
446,438887472,mouse2,self,rear,8612,8613
447,438887472,mouse2,self,rear,8746,8747
448,438887472,mouse2,self,rear,8754,8756
449,438887472,mouse2,self,rear,8758,8760
450,438887472,mouse2,self,rear,8761,8767
451,438887472,mouse2,self,rear,8772,8774
452,438887472,mouse2,self,rear,8776,8782
453,438887472,mouse2,self,rear,8792,8795
454,438887472,mouse2,self,rear,8839,8841
455,438887472,mouse2,self,rear,8870,8871
456,438887472,mouse2,self,rear,8875,8876
457,438887472,mouse2,self,rear,8885,8888
458,438887472,mouse2,self,rear,9269,9274
459,438887472,mouse2,self,rear,9276,9277
460,438887472,mouse2,self,rear,9558,9559
461,438887472,mouse2,self,rear,9560,9562
462,438887472,mouse2,self,rear,9563,9567
463,438887472,mouse2,self,rear,9569,9570
464,438887472,mouse2,self,rear,9573,9575
465,438887472,mouse2,self,rear,9578,9579
466,438887472,mouse2,self,rear,9663,9666
467,438887472,mouse2,self,rear,9672,9673
468,438887472,mouse2,self,rear,9675,9677
469,438887472,mouse2,self,rear,9679,9680
470,438887472,mouse2,self,rear,9764,9784
471,438887472,mouse2,self,rear,9790,9792
472,438887472,mouse2,self,rear,9799,9800
473,438887472,mouse2,self,rear,9801,9802
474,438887472,mouse2,self,rear,9878,9883
475,438887472,mouse2,self,rear,9884,9889
476,438887472,mouse2,self,rear,9929,9930
477,438887472,mouse2,self,rear,9931,9932
478,438887472,mouse2,self,rear,9940,9941
479,438887472,mouse2,self,rear,9952,9953
480,438887472,mouse2,self,rear,9974,9975
481,438887472,mouse2,self,rear,9979,9980
482,438887472,mouse2,self,rear,10035,10036
483,438887472,mouse2,self,rear,10040,10041
484,438887472,mouse2,self,rear,10067,10068
485,438887472,mouse2,self,rear,10069,10070
486,438887472,mouse2,self,rear,10075,10085
487,438887472,mouse2,self,rear,10087,10094
488,438887472,mouse2,self,rear,10095,10097
489,438887472,mouse2,self,rear,10098,10099
490,438887472,mouse2,self,rear,10174,10175
491,438887472,mouse2,self,rear,10177,10182
492,438887472,mouse2,self,rear,10194,10216
493,438887472,mouse2,self,rear,10217,10223
494,438887472,mouse2,self,rear,10224,10227
495,438887472,mouse2,self,rear,10232,10233
496,438887472,mouse2,self,rear,10378,10379
497,438887472,mouse2,self,rear,10382,10385
498,438887472,mouse2,self,rear,10422,10423
499,438887472,mouse2,self,rear,10432,10433
500,438887472,mouse2,self,rear,10435,10436
501,438887472,mouse2,self,rear,10442,10443
502,438887472,mouse2,self,rear,10453,10466
503,438887472,mouse2,self,rear,10494,10496
504,438887472,mouse2,self,rear,10532,10536
505,438887472,mouse2,self,rear,10540,10543
506,438887472,mouse2,self,rear,10545,10548
507,438887472,mouse2,self,rear,10552,10554
508,438887472,mouse2,self,rear,10558,10560
509,438887472,mouse2,self,rear,10576,10577
510,438887472,mouse2,self,rear,10626,10627
511,438887472,mouse2,self,rear,10765,10766
512,438887472,mouse2,self,rear,10809,10810
513,438887472,mouse2,self,rear,10812,10814
514,438887472,mouse2,self,rear,10867,10868
515,438887472,mouse2,self,rear,10869,10870
516,438887472,mouse2,self,rear,10872,10873
517,438887472,mouse2,self,rear,11010,11011
518,438887472,mouse2,self,rear,11020,11021
519,438887472,mouse2,self,rear,11022,11027
520,438887472,mouse2,self,rear,11031,11032
521,438887472,mouse2,self,rear,11036,11092
522,438887472,mouse2,self,rear,11097,11098
523,438887472,mouse2,self,rear,11101,11102
524,438887472,mouse2,self,rear,11126,11127
525,438887472,mouse2,self,rear,11172,11173
526,438887472,mouse2,self,rear,11193,11198
527,438887472,mouse2,self,rear,11755,11756
528,438887472,mouse2,self,rear,11773,11774
529,438887472,mouse2,self,rear,11775,11782
530,438887472,mouse2,self,rear,11783,11785
531,438887472,mouse2,self,rear,11786,11787
532,438887472,mouse2,self,rear,11863,11864
533,438887472,mouse2,self,rear,12108,12112
534,438887472,mouse2,self,rear,12113,12115
535,438887472,mouse2,self,rear,12120,12121
536,438887472,mouse2,self,rear,12123,12124
537,438887472,mouse2,self,rear,12166,12171
538,438887472,mouse2,self,rear,12176,12189
539,438887472,mouse2,self,rear,12196,12197
540,438887472,mouse2,self,rear,12249,12250
541,438887472,mouse2,self,rear,12426,12427
542,438887472,mouse2,self,rear,12536,12542
543,438887472,mouse2,self,rear,12543,12547
544,438887472,mouse2,self,rear,12548,12557
545,438887472,mouse2,self,rear,12622,12625
546,438887472,mouse2,self,rear,12730,12732
547,438887472,mouse2,self,rear,12812,12814
548,438887472,mouse2,self,rear,12815,12821
549,438887472,mouse2,self,rear,12823,12824
550,438887472,mouse2,self,rear,12840,12841
551,438887472,mouse2,self,rear,12843,12846
552,438887472,mouse2,self,rear,12847,12854
553,438887472,mouse2,self,rear,12859,12860
554,438887472,mouse2,self,rear,12866,12868
555,438887472,mouse2,self,rear,12869,12873
556,438887472,mouse2,self,rear,12882,12883
557,438887472,mouse2,self,rear,12884,12887
558,438887472,mouse2,self,rear,12899,12906
559,438887472,mouse2,self,rear,12929,12931
560,438887472,mouse2,self,rear,12967,12968
561,438887472,mouse2,self,rear,12973,12974
562,438887472,mouse2,self,rear,13052,13053
563,438887472,mouse2,self,rear,13076,13077
564,438887472,mouse2,self,rear,13080,13081
565,438887472,mouse2,self,rear,13094,13095
566,438887472,mouse2,self,rear,13099,13100
567,438887472,mouse2,self,rear,13101,13103
568,438887472,mouse2,self,rear,13119,13120
569,438887472,mouse2,self,rear,13121,13124
570,438887472,mouse2,self,rear,13149,13151
571,438887472,mouse2,self,rear,13153,13154
572,438887472,mouse2,self,rear,13158,13160
573,438887472,mouse2,self,rear,13161,13162
574,438887472,mouse2,self,rear,13165,13168
575,438887472,mouse2,self,rear,13171,13172
576,438887472,mouse2,self,rear,13174,13197
577,438887472,mouse2,self,rear,13198,13220
578,438887472,mouse2,self,rear,13221,13222
579,438887472,mouse2,self,rear,13223,13227
580,438887472,mouse2,self,rear,13228,13231
581,438887472,mouse2,self,rear,13481,13482
582,438887472,mouse2,self,rear,13483,13486
583,438887472,mouse2,self,rear,13489,13504
584,438887472,mouse2,self,rear,13505,13509
585,438887472,mouse2,self,rear,13512,13513
586,438887472,mouse2,self,rear,13519,13541
587,438887472,mouse2,self,rear,13656,13658
588,438887472,mouse2,self,rear,13900,13901
589,438887472,mouse2,self,rear,13921,13922
590,438887472,mouse2,self,rear,13935,13936
591,438887472,mouse2,self,rear,13942,13943
592,438887472,mouse2,self,rear,14037,14038
593,438887472,mouse2,self,rear,14046,14051
594,438887472,mouse2,self,rear,14052,14064
595,438887472,mouse2,self,rear,14065,14076
596,438887472,mouse2,self,rear,14077,14086
597,438887472,mouse2,self,rear,14088,14089
598,438887472,mouse2,self,rear,14091,14094
599,438887472,mouse2,self,rear,14097,14099
600,438887472,mouse2,self,rear,14105,14106
601,438887472,mouse2,self,rear,14107,14108
602,438887472,mouse2,self,rear,14133,14135
603,438887472,mouse2,self,rear,14138,14143
604,438887472,mouse2,self,rear,14144,14147
605,438887472,mouse2,self,rear,14149,14150
606,438887472,mouse2,self,rear,14151,14152
607,438887472,mouse2,self,rear,14153,14157
608,438887472,mouse2,self,rear,14159,14166
609,438887472,mouse2,self,rear,14167,14168
610,438887472,mouse2,self,rear,14171,14172
611,438887472,mouse2,self,rear,14200,14202
612,438887472,mouse2,self,rear,14203,14204
613,438887472,mouse2,self,rear,14237,14238
614,438887472,mouse2,self,rear,14239,14243
615,438887472,mouse2,self,rear,14250,14251
616,438887472,mouse2,self,rear,14252,14253
617,438887472,mouse2,self,rear,14256,14263
618,438887472,mouse2,self,rear,14264,14266
619,438887472,mouse2,self,rear,14267,14273
620,438887472,mouse2,self,rear,14275,14276
621,438887472,mouse2,self,rear,14280,14286
622,438887472,mouse2,self,rear,14287,14292
623,438887472,mouse2,self,rear,14293,14310
624,438887472,mouse2,self,rear,14312,14316
625,438887472,mouse2,self,rear,14320,14325
626,438887472,mouse2,self,rear,14328,14332
627,438887472,mouse2,self,rear,14339,14341
628,438887472,mouse2,self,rear,14353,14354
629,438887472,mouse2,self,rear,14356,14358
630,438887472,mouse2,self,rear,14361,14362
631,438887472,mouse2,self,rear,14364,14365
632,438887472,mouse2,self,rear,14370,14374
633,438887472,mouse2,self,rear,14386,14387
634,438887472,mouse2,self,rear,14390,14392
635,438887472,mouse2,self,rear,14399,14400
636,438887472,mouse2,self,rear,14409,14411
637,438887472,mouse2,self,rear,14429,14430
638,438887472,mouse2,self,rear,14433,14434
639,438887472,mouse2,self,rear,14437,14438
640,438887472,mouse2,self,rear,14440,14441
641,438887472,mouse2,self,rear,14442,14443
642,438887472,mouse2,self,rear,14447,14449
643,438887472,mouse2,self,rear,14450,14451
644,438887472,mouse2,self,rear,14453,14454
645,438887472,mouse2,self,rear,14457,14458
646,438887472,mouse2,self,rear,14459,14460
647,438887472,mouse2,self,rear,14463,14467
648,438887472,mouse2,self,rear,14468,14469
649,438887472,mouse2,self,rear,14471,14473
650,438887472,mouse2,self,rear,14493,14494
651,438887472,mouse2,self,rear,14499,14501
652,438887472,mouse2,self,rear,14503,14504
653,438887472,mouse2,self,rear,14506,14507
654,438887472,mouse2,self,rear,14513,14514
655,438887472,mouse2,self,rear,14538,14539
656,438887472,mouse2,self,rear,14544,14560
657,438887472,mouse2,self,rear,14568,14570
658,438887472,mouse2,self,rear,14571,14574
659,438887472,mouse2,self,rear,14575,14579
660,438887472,mouse2,self,rear,14589,14590
661,438887472,mouse2,self,rear,14595,14596
662,438887472,mouse2,self,rear,14616,14617
663,438887472,mouse2,self,rear,14621,14623
664,438887472,mouse2,self,rear,14624,14626
665,438887472,mouse2,self,rear,14642,14643
666,438887472,mouse2,self,rear,14648,14650
667,438887472,mouse2,self,rear,14651,14652
668,438887472,mouse2,self,rear,14653,14664
669,438887472,mouse2,self,rear,14665,14666
670,438887472,mouse2,self,rear,14667,14679
671,438887472,mouse2,self,rear,14682,14685
672,438887472,mouse2,self,rear,14688,14692
673,438887472,mouse2,self,rear,14693,14698
674,438887472,mouse2,self,rear,14701,14702
675,438887472,mouse2,self,rear,14705,14707
676,438887472,mouse2,self,rear,14712,14718
677,438887472,mouse2,self,rear,14719,14732
678,438887472,mouse2,self,rear,14737,14749
679,438887472,mouse2,self,rear,14851,14852
680,438887472,mouse2,self,rear,14856,14858
681,438887472,mouse2,self,rear,14861,14870
682,438887472,mouse2,self,rear,14871,14874
683,438887472,mouse2,self,rear,14876,14877
684,438887472,mouse2,self,rear,14969,15007
685,438887472,mouse2,self,rear,15009,15012
686,438887472,mouse2,self,rear,15013,15041
687,438887472,mouse2,self,rear,15193,15195
688,438887472,mouse2,self,rear,15196,15198
689,438887472,mouse2,self,rear,15222,15223
690,438887472,mouse2,self,rear,15224,15226
691,438887472,mouse2,self,rear,15319,15320
692,438887472,mouse2,self,rear,15322,15323
693,438887472,mouse2,self,rear,15327,15328
694,438887472,mouse2,self,rear,15358,15359
695,438887472,mouse2,self,rear,15474,15475
696,438887472,mouse2,self,rear,15518,15519
697,438887472,mouse2,self,rear,15567,15568
698,438887472,mouse2,self,rear,15645,15648
699,438887472,mouse2,self,rear,15784,15785
700,438887472,mouse2,self,rear,15802,15803
701,438887472,mouse2,self,rear,15804,15806
702,438887472,mouse2,self,rear,15816,15872
703,438887472,mouse2,self,rear,15876,15886
704,438887472,mouse2,self,rear,15887,15888
705,438887472,mouse2,self,rear,15899,15900
706,438887472,mouse2,self,rear,15929,15930
707,438887472,mouse2,self,rear,15933,15934
708,438887472,mouse2,self,rear,15935,16003
709,438887472,mouse2,self,rear,16005,16008
710,438887472,mouse2,self,rear,16009,16010
711,438887472,mouse2,self,rear,16011,16012
712,438887472,mouse2,self,rear,16015,16030
713,438887472,mouse2,self,rear,16031,16058
714,438887472,mouse2,self,rear,16059,16060
715,438887472,mouse2,self,rear,16142,16143
716,438887472,mouse2,self,rear,16145,16147
717,438887472,mouse2,self,rear,16148,16151
718,438887472,mouse2,self,rear,16152,16153
719,438887472,mouse2,self,rear,16154,16156
720,438887472,mouse2,self,rear,16278,16279
721,438887472,mouse2,self,rear,16295,16297
722,438887472,mouse2,self,rear,16298,16299
723,438887472,mouse2,self,rear,16302,16304
724,438887472,mouse2,self,rear,16305,16307
725,438887472,mouse2,self,rear,16309,16310
726,438887472,mouse2,self,rear,16312,16356
727,438887472,mouse2,self,rear,16358,16360
728,438887472,mouse2,self,rear,16362,16370
729,438887472,mouse2,self,rear,16373,16382
730,438887472,mouse2,self,rear,16388,16394
731,438887472,mouse2,self,rear,16397,16411
732,438887472,mouse2,self,rear,16413,16415
733,438887472,mouse2,self,rear,16416,16419
734,438887472,mouse2,self,rear,16420,16421
735,438887472,mouse2,self,rear,16422,16423
736,438887472,mouse2,self,rear,16425,16426
737,438887472,mouse2,self,rear,16429,16440
738,438887472,mouse2,self,rear,16441,16447
739,438887472,mouse2,self,rear,16577,16578
740,438887472,mouse2,self,rear,16694,16695
741,438887472,mouse2,self,rear,16697,16698
742,438887472,mouse2,self,rear,16700,16703
743,438887472,mouse2,self,rear,16707,16708
744,438887472,mouse2,self,rear,16713,16715
745,438887472,mouse2,self,rear,16717,16725
746,438887472,mouse2,self,rear,16736,16737
747,438887472,mouse2,self,rear,16739,16743
748,438887472,mouse2,self,rear,16744,16746
749,438887472,mouse2,self,rear,16747,16748
750,438887472,mouse2,self,rear,16768,16785
751,438887472,mouse2,self,rear,16786,16816
752,438887472,mouse2,self,rear,16977,16978
753,438887472,mouse2,self,rear,16984,16985
754,438887472,mouse2,self,rear,16986,16987
755,438887472,mouse2,self,rear,16998,16999
756,438887472,mouse2,self,rear,17096,17098
757,438887472,mouse2,self,rear,17103,17104
758,438887472,mouse2,self,rear,17119,17123
759,438887472,mouse2,self,rear,17259,17260
760,438887472,mouse2,self,rear,17277,17278
761,438887472,mouse2,self,rear,17281,17284
762,438887472,mouse2,self,rear,17286,17287
763,438887472,mouse2,self,rear,17289,17290
764,438887472,mouse2,self,rear,17337,17338
765,438887472,mouse2,self,rear,17339,17340
766,438887472,mouse2,self,rear,17414,17415
767,438887472,mouse2,self,rear,17492,17498
768,438887472,mouse2,self,rear,17500,17501
769,438887472,mouse2,self,rear,17510,17511
770,438887472,mouse2,self,rear,17515,17516
771,438887472,mouse2,self,rear,17538,17539
772,438887472,mouse2,self,rear,17540,17547
773,438887472,mouse2,self,rear,17551,17576
774,438887472,mouse2,self,rear,17577,17578
775,438887472,mouse2,self,rear,17579,17580
776,438887472,mouse2,self,rear,17581,17582
777,438887472,mouse2,self,rear,17585,17586
778,438887472,mouse2,self,rear,17590,17591
779,438887472,mouse2,self,rear,17609,17610
780,438887472,mouse2,self,rear,17611,17614
781,438887472,mouse2,self,rear,17616,17617
782,438887472,mouse2,self,rear,17635,17636
783,438887472,mouse2,self,rear,17639,17640
784,438887472,mouse2,self,rear,17643,17645
785,438887472,mouse2,self,rear,17650,17659
786,438887472,mouse2,self,rear,17660,17663
787,438887472,mouse2,self,rear,17664,17665
788,438887472,mouse2,self,rear,17667,17668
789,438887472,mouse2,self,rear,17673,17675
790,438887472,mouse2,self,rear,17782,17783
791,438887472,mouse2,self,rear,17789,17790
792,438887472,mouse2,self,rear,17797,17798
793,438887472,mouse2,self,rear,17816,17820
794,438887472,mouse2,self,rear,17822,17825
795,438887472,mouse2,self,rear,17828,17834
796,438887472,mouse2,self,rear,17835,17837
797,438887472,mouse2,self,rear,17910,17913
798,438887472,mouse2,self,rear,18065,18066
799,438887472,mouse2,self,rear,18093,18094
800,438887472,mouse2,self,rear,18142,18143
801,438887472,mouse2,self,rear,18144,18149
802,438887472,mouse2,self,rear,18158,18159
803,438887472,mouse2,self,rear,18166,18168
804,438887472,mouse2,self,rear,18174,18177
805,438887472,mouse2,self,rear,18296,18297
806,438887472,mouse2,self,rear,18299,18302
807,438887472,mouse2,self,rear,18303,18305
808,438887472,mouse3,mouse1,attack,78,80
809,438887472,mouse3,mouse1,approach,4159,4160
810,438887472,mouse3,mouse1,approach,4162,4167
811,438887472,mouse3,mouse1,approach,4193,4194
812,438887472,mouse3,mouse1,approach,4195,4197
813,438887472,mouse3,mouse1,approach,4203,4204
814,438887472,mouse3,mouse1,approach,4207,4208
815,438887472,mouse3,mouse1,approach,4209,4212
816,438887472,mouse3,mouse1,avoid,4247,4248
817,438887472,mouse3,mouse1,avoid,4250,4253
818,438887472,mouse3,mouse1,avoid,4413,4416
819,438887472,mouse3,mouse1,approach,4536,4541
820,438887472,mouse3,mouse1,approach,4543,4544
821,438887472,mouse3,mouse1,avoid,4567,4568
822,438887472,mouse3,mouse1,avoid,4571,4573
823,438887472,mouse3,mouse1,avoid,4576,4577
824,438887472,mouse3,mouse1,avoid,5381,5382
825,438887472,mouse3,mouse1,approach,7523,7524
826,438887472,mouse3,mouse1,avoid,9367,9371
827,438887472,mouse3,mouse1,avoid,9400,9401
828,438887472,mouse3,mouse1,avoid,11642,11644
829,438887472,mouse3,mouse1,approach,11801,11809
830,438887472,mouse3,mouse1,avoid,11912,11913
831,438887472,mouse3,mouse1,avoid,13521,13526
832,438887472,mouse3,mouse1,avoid,14300,14302
833,438887472,mouse3,mouse1,avoid,14303,14304
834,438887472,mouse3,mouse2,approach,647,650
835,438887472,mouse3,mouse2,approach,651,657
836,438887472,mouse3,mouse2,approach,658,659
837,438887472,mouse3,mouse2,approach,1900,1901
838,438887472,mouse3,mouse2,chaseattack,1974,1976
839,438887472,mouse3,mouse2,approach,2566,2567
840,438887472,mouse3,mouse2,approach,2568,2570
841,438887472,mouse3,mouse2,approach,3275,3277
842,438887472,mouse3,mouse2,approach,3278,3281
843,438887472,mouse3,mouse2,approach,3363,3364
844,438887472,mouse3,mouse2,approach,4766,4767
845,438887472,mouse3,mouse2,approach,4768,4770
846,438887472,mouse3,mouse2,chase,4994,4995
847,438887472,mouse3,mouse2,approach,6746,6747
848,438887472,mouse3,mouse2,approach,6776,6777
849,438887472,mouse3,mouse2,chase,11873,11875
850,438887472,mouse3,mouse2,chase,11877,11879
851,438887472,mouse3,mouse2,chase,11880,11881
852,438887472,mouse3,mouse2,approach,17291,17292
853,438887472,mouse3,mouse2,approach,17293,17297
854,438887472,mouse3,mouse2,approach,17342,17343
855,438887472,mouse3,mouse2,approach,17344,17347
856,438887472,mouse3,self,rear,13,17
857,438887472,mouse3,self,rear,19,33
858,438887472,mouse3,self,rear,35,37
859,438887472,mouse3,self,rear,39,40
860,438887472,mouse3,self,rear,42,50
861,438887472,mouse3,self,rear,51,62
862,438887472,mouse3,self,rear,74,75
863,438887472,mouse3,self,rear,76,77
864,438887472,mouse3,self,rear,265,266
865,438887472,mouse3,self,rear,345,360
866,438887472,mouse3,self,rear,361,363
867,438887472,mouse3,self,rear,364,367
868,438887472,mouse3,self,rear,368,370
869,438887472,mouse3,self,rear,371,372
870,438887472,mouse3,self,rear,374,375
871,438887472,mouse3,self,rear,750,751
872,438887472,mouse3,self,rear,849,880
873,438887472,mouse3,self,rear,881,895
874,438887472,mouse3,self,rear,900,902
875,438887472,mouse3,self,rear,908,909
876,438887472,mouse3,self,rear,913,914
877,438887472,mouse3,self,rear,919,920
878,438887472,mouse3,self,rear,927,928
879,438887472,mouse3,self,rear,929,930
880,438887472,mouse3,self,rear,932,933
881,438887472,mouse3,self,rear,934,936
882,438887472,mouse3,self,rear,946,948
883,438887472,mouse3,self,rear,964,965
884,438887472,mouse3,self,rear,967,971
885,438887472,mouse3,self,rear,1058,1077
886,438887472,mouse3,self,rear,1079,1082
887,438887472,mouse3,self,rear,1083,1086
888,438887472,mouse3,self,rear,1170,1171
889,438887472,mouse3,self,rear,1218,1219
890,438887472,mouse3,self,rear,1645,1655
891,438887472,mouse3,self,rear,1656,1661
892,438887472,mouse3,self,rear,1665,1667
893,438887472,mouse3,self,rear,1668,1682
894,438887472,mouse3,self,rear,1684,1686
895,438887472,mouse3,self,rear,1688,1689
896,438887472,mouse3,self,rear,1690,1704
897,438887472,mouse3,self,rear,1705,1709
898,438887472,mouse3,self,rear,1710,1713
899,438887472,mouse3,self,rear,1714,1716
900,438887472,mouse3,self,rear,1719,1720
901,438887472,mouse3,self,rear,1722,1738
902,438887472,mouse3,self,rear,1739,1744
903,438887472,mouse3,self,rear,1747,1751
904,438887472,mouse3,self,rear,1754,1772
905,438887472,mouse3,self,rear,1773,1802
906,438887472,mouse3,self,rear,1837,1838
907,438887472,mouse3,self,rear,1839,1842
908,438887472,mouse3,self,rear,1843,1844
909,438887472,mouse3,self,rear,1846,1848
910,438887472,mouse3,self,rear,1849,1867
911,438887472,mouse3,self,rear,2097,2105
912,438887472,mouse3,self,rear,2110,2111
913,438887472,mouse3,self,rear,2116,2117
914,438887472,mouse3,self,rear,2118,2169
915,438887472,mouse3,self,rear,2216,2217
916,438887472,mouse3,self,rear,2219,2220
917,438887472,mouse3,self,rear,2224,2225
918,438887472,mouse3,self,rear,2256,2257
919,438887472,mouse3,self,rear,2260,2263
920,438887472,mouse3,self,rear,2265,2279
921,438887472,mouse3,self,rear,2280,2282
922,438887472,mouse3,self,rear,2407,2408
923,438887472,mouse3,self,rear,2409,2410
924,438887472,mouse3,self,rear,2460,2462
925,438887472,mouse3,self,rear,2568,2570
926,438887472,mouse3,self,rear,2575,2578
927,438887472,mouse3,self,rear,2651,2652
928,438887472,mouse3,self,rear,2660,2661
929,438887472,mouse3,self,rear,2894,2897
930,438887472,mouse3,self,rear,2901,2902
931,438887472,mouse3,self,rear,2969,2973
932,438887472,mouse3,self,rear,2974,2975
933,438887472,mouse3,self,rear,2977,2980
934,438887472,mouse3,self,rear,2983,2988
935,438887472,mouse3,self,rear,2989,2992
936,438887472,mouse3,self,rear,2993,2994
937,438887472,mouse3,self,rear,2996,2997
938,438887472,mouse3,self,rear,2998,2999
939,438887472,mouse3,self,rear,3000,3017
940,438887472,mouse3,self,rear,3020,3027
941,438887472,mouse3,self,rear,3028,3044
942,438887472,mouse3,self,rear,3045,3048
943,438887472,mouse3,self,rear,3050,3053
944,438887472,mouse3,self,rear,3056,3061
945,438887472,mouse3,self,rear,3068,3070
946,438887472,mouse3,self,rear,3071,3072
947,438887472,mouse3,self,rear,3077,3078
948,438887472,mouse3,self,rear,3079,3080
949,438887472,mouse3,self,rear,3088,3089
950,438887472,mouse3,self,rear,3093,3094
951,438887472,mouse3,self,rear,3097,3099
952,438887472,mouse3,self,rear,3100,3101
953,438887472,mouse3,self,rear,3102,3104
954,438887472,mouse3,self,rear,3109,3110
955,438887472,mouse3,self,rear,3133,3138
956,438887472,mouse3,self,rear,3196,3198
957,438887472,mouse3,self,rear,3199,3204
958,438887472,mouse3,self,rear,3216,3217
959,438887472,mouse3,self,rear,3226,3227
960,438887472,mouse3,self,rear,3229,3230
961,438887472,mouse3,self,rear,3248,3249
962,438887472,mouse3,self,rear,3386,3388
963,438887472,mouse3,self,rear,3393,3394
964,438887472,mouse3,self,rear,3413,3415
965,438887472,mouse3,self,rear,3458,3459
966,438887472,mouse3,self,rear,3465,3468
967,438887472,mouse3,self,rear,3469,3470
968,438887472,mouse3,self,rear,3475,3476
969,438887472,mouse3,self,rear,3478,3479
970,438887472,mouse3,self,rear,3546,3548
971,438887472,mouse3,self,rear,3549,3551
972,438887472,mouse3,self,rear,3591,3598
973,438887472,mouse3,self,rear,3604,3607
974,438887472,mouse3,self,rear,3646,3654
975,438887472,mouse3,self,rear,3655,3658
976,438887472,mouse3,self,rear,3659,3666
977,438887472,mouse3,self,rear,3667,3669
978,438887472,mouse3,self,rear,3670,3671
979,438887472,mouse3,self,rear,3672,3673
980,438887472,mouse3,self,rear,3688,3689
981,438887472,mouse3,self,rear,3694,3696
982,438887472,mouse3,self,rear,3698,3699
983,438887472,mouse3,self,rear,3701,3718
984,438887472,mouse3,self,rear,3796,3797
985,438887472,mouse3,self,rear,3800,3801
986,438887472,mouse3,self,rear,3809,3814
987,438887472,mouse3,self,rear,3817,3818
988,438887472,mouse3,self,rear,3838,3843
989,438887472,mouse3,self,rear,3849,3852
990,438887472,mouse3,self,rear,3853,3858
991,438887472,mouse3,self,rear,3863,3868
992,438887472,mouse3,self,rear,3869,3870
993,438887472,mouse3,self,rear,3871,3872
994,438887472,mouse3,self,rear,3878,3880
995,438887472,mouse3,self,rear,4007,4009
996,438887472,mouse3,self,rear,4010,4011
997,438887472,mouse3,self,rear,4013,4014
998,438887472,mouse3,self,rear,4110,4114
999,438887472,mouse3,self,rear,4628,4629
1000,438887472,mouse3,self,rear,4729,4731
1001,438887472,mouse3,self,rear,4733,4734
1002,438887472,mouse3,self,rear,4736,4737
1003,438887472,mouse3,self,rear,4738,4739
1004,438887472,mouse3,self,rear,4851,4855
1005,438887472,mouse3,self,rear,4856,4859
1006,438887472,mouse3,self,rear,5246,5247
1007,438887472,mouse3,self,rear,5256,5257
1008,438887472,mouse3,self,rear,5286,5287
1009,438887472,mouse3,self,rear,5556,5558
1010,438887472,mouse3,self,rear,5610,5612
1011,438887472,mouse3,self,rear,5614,5622
1012,438887472,mouse3,self,rear,5636,5637
1013,438887472,mouse3,self,rear,5658,5663
1014,438887472,mouse3,self,rear,5665,5667
1015,438887472,mouse3,self,rear,5671,5672
1016,438887472,mouse3,self,rear,5682,5684
1017,438887472,mouse3,self,rear,5688,5689
1018,438887472,mouse3,self,rear,5696,5697
1019,438887472,mouse3,self,rear,5713,5723
1020,438887472,mouse3,self,rear,6025,6026
1021,438887472,mouse3,self,rear,6048,6049
1022,438887472,mouse3,self,rear,6361,6362
1023,438887472,mouse3,self,rear,6392,6393
1024,438887472,mouse3,self,rear,6400,6402
1025,438887472,mouse3,self,rear,6676,6677
1026,438887472,mouse3,self,rear,6910,6911
1027,438887472,mouse3,self,rear,6915,6916
1028,438887472,mouse3,self,rear,6918,6919
1029,438887472,mouse3,self,rear,6920,6921
1030,438887472,mouse3,self,rear,6923,6933
1031,438887472,mouse3,self,rear,6934,6957
1032,438887472,mouse3,self,rear,6958,6965
1033,438887472,mouse3,self,rear,6966,6969
1034,438887472,mouse3,self,rear,6970,6985
1035,438887472,mouse3,self,rear,6986,7036
1036,438887472,mouse3,self,rear,7363,7364
1037,438887472,mouse3,self,rear,7494,7495
1038,438887472,mouse3,self,rear,7575,7577
1039,438887472,mouse3,self,rear,7592,7595
1040,438887472,mouse3,self,rear,7598,7599
1041,438887472,mouse3,self,rear,7606,7607
1042,438887472,mouse3,self,rear,7851,7852
1043,438887472,mouse3,self,rear,8039,8040
1044,438887472,mouse3,self,rear,8050,8051
1045,438887472,mouse3,self,rear,8106,8107
1046,438887472,mouse3,self,rear,8113,8114
1047,438887472,mouse3,self,rear,8119,8120
1048,438887472,mouse3,self,rear,8123,8124
1049,438887472,mouse3,self,rear,8174,8175
1050,438887472,mouse3,self,rear,8217,8221
1051,438887472,mouse3,self,rear,8227,8228
1052,438887472,mouse3,self,rear,8231,8232
1053,438887472,mouse3,self,rear,8233,8234
1054,438887472,mouse3,self,rear,8242,8243
1055,438887472,mouse3,self,rear,8244,8245
1056,438887472,mouse3,self,rear,8246,8247
1057,438887472,mouse3,self,rear,8249,8253
1058,438887472,mouse3,self,rear,8256,8257
1059,438887472,mouse3,self,rear,8258,8260
1060,438887472,mouse3,self,rear,8261,8281
1061,438887472,mouse3,self,rear,8282,8297
1062,438887472,mouse3,self,rear,8298,8308
1063,438887472,mouse3,self,rear,8309,8310
1064,438887472,mouse3,self,rear,8339,8340
1065,438887472,mouse3,self,rear,8341,8344
1066,438887472,mouse3,self,rear,8349,8350
1067,438887472,mouse3,self,rear,8373,8374
1068,438887472,mouse3,self,rear,8406,8409
1069,438887472,mouse3,self,rear,8414,8415
1070,438887472,mouse3,self,rear,8420,8421
1071,438887472,mouse3,self,rear,8424,8427
1072,438887472,mouse3,self,rear,8433,8434
1073,438887472,mouse3,self,rear,8555,8556
1074,438887472,mouse3,self,rear,8563,8564
1075,438887472,mouse3,self,rear,8614,8615
1076,438887472,mouse3,self,rear,8621,8625
1077,438887472,mouse3,self,rear,8627,8628
1078,438887472,mouse3,self,rear,8633,8634
1079,438887472,mouse3,self,rear,8635,8640
1080,438887472,mouse3,self,rear,8644,8645
1081,438887472,mouse3,self,rear,8744,8745
1082,438887472,mouse3,self,rear,8922,8924
1083,438887472,mouse3,self,rear,8946,8947
1084,438887472,mouse3,self,rear,8993,8994
1085,438887472,mouse3,self,rear,8995,8996
1086,438887472,mouse3,self,rear,8999,9002
1087,438887472,mouse3,self,rear,9010,9011
1088,438887472,mouse3,self,rear,9012,9013
1089,438887472,mouse3,self,rear,9015,9026
1090,438887472,mouse3,self,rear,9028,9033
1091,438887472,mouse3,self,rear,9035,9046
1092,438887472,mouse3,self,rear,9047,9049
1093,438887472,mouse3,self,rear,9050,9052
1094,438887472,mouse3,self,rear,9053,9054
1095,438887472,mouse3,self,rear,9062,9064
1096,438887472,mouse3,self,rear,9071,9072
1097,438887472,mouse3,self,rear,9074,9075
1098,438887472,mouse3,self,rear,9076,9077
1099,438887472,mouse3,self,rear,9078,9079
1100,438887472,mouse3,self,rear,9081,9083
1101,438887472,mouse3,self,rear,9084,9086
1102,438887472,mouse3,self,rear,9087,9097
1103,438887472,mouse3,self,rear,9098,9099
1104,438887472,mouse3,self,rear,9101,9103
1105,438887472,mouse3,self,rear,9105,9114
1106,438887472,mouse3,self,rear,9116,9120
1107,438887472,mouse3,self,rear,9328,9344
1108,438887472,mouse3,self,rear,9349,9352
1109,438887472,mouse3,self,rear,9447,9477
1110,438887472,mouse3,self,rear,9808,9809
1111,438887472,mouse3,self,rear,9810,9811
1112,438887472,mouse3,self,rear,9916,9917
1113,438887472,mouse3,self,rear,9920,9924
1114,438887472,mouse3,self,rear,9934,9935
1115,438887472,mouse3,self,rear,9939,9940
1116,438887472,mouse3,self,rear,10011,10012
1117,438887472,mouse3,self,rear,10700,10701
1118,438887472,mouse3,self,rear,10702,10703
1119,438887472,mouse3,self,rear,10823,10825
1120,438887472,mouse3,self,rear,10826,10827
1121,438887472,mouse3,self,rear,10828,10830
1122,438887472,mouse3,self,rear,10940,10941
1123,438887472,mouse3,self,rear,11212,11213
1124,438887472,mouse3,self,rear,11219,11220
1125,438887472,mouse3,self,rear,11227,11229
1126,438887472,mouse3,self,rear,11230,11231
1127,438887472,mouse3,self,rear,11237,11239
1128,438887472,mouse3,self,rear,11242,11244
1129,438887472,mouse3,self,rear,11412,11419
1130,438887472,mouse3,self,rear,11429,11430
1131,438887472,mouse3,self,rear,11437,11438
1132,438887472,mouse3,self,rear,11445,11447
1133,438887472,mouse3,self,rear,11453,11454
1134,438887472,mouse3,self,rear,11455,11456
1135,438887472,mouse3,self,rear,11471,11473
1136,438887472,mouse3,self,rear,11474,11475
1137,438887472,mouse3,self,rear,11477,11485
1138,438887472,mouse3,self,rear,11486,11487
1139,438887472,mouse3,self,rear,11490,11491
1140,438887472,mouse3,self,rear,11492,11494
1141,438887472,mouse3,self,rear,11495,11497
1142,438887472,mouse3,self,rear,11507,11508
1143,438887472,mouse3,self,rear,12779,12784
1144,438887472,mouse3,self,rear,12785,12786
1145,438887472,mouse3,self,rear,12853,12854
1146,438887472,mouse3,self,rear,12896,12897
1147,438887472,mouse3,self,rear,12899,12901
1148,438887472,mouse3,self,rear,12905,12907
1149,438887472,mouse3,self,rear,12964,12965
1150,438887472,mouse3,self,rear,13199,13200
1151,438887472,mouse3,self,rear,13337,13338
1152,438887472,mouse3,self,rear,14086,14087
1153,438887472,mouse3,self,rear,14176,14177
1154,438887472,mouse3,self,rear,14187,14191
1155,438887472,mouse3,self,rear,14192,14199
1156,438887472,mouse3,self,rear,14207,14208
1157,438887472,mouse3,self,rear,14261,14262
1158,438887472,mouse3,self,rear,14496,14497
1159,438887472,mouse3,self,rear,14499,14500
1160,438887472,mouse3,self,rear,14501,14502
1161,438887472,mouse3,self,rear,14503,14508
1162,438887472,mouse3,self,rear,14517,14518
1163,438887472,mouse3,self,rear,14529,14550
1164,438887472,mouse3,self,rear,14559,14565
1165,438887472,mouse3,self,rear,14566,14570
1166,438887472,mouse3,self,rear,14629,14630
1167,438887472,mouse3,self,rear,14639,14640
1168,438887472,mouse3,self,rear,14777,14787
1169,438887472,mouse3,self,rear,14788,14791
1170,438887472,mouse3,self,rear,14800,14801
1171,438887472,mouse3,self,rear,14802,14803
1172,438887472,mouse3,self,rear,14813,14816
1173,438887472,mouse3,self,rear,14817,14819
1174,438887472,mouse3,self,rear,14828,14829
1175,438887472,mouse3,self,rear,14830,14838
1176,438887472,mouse3,self,rear,14839,14862
1177,438887472,mouse3,self,rear,14863,14864
1178,438887472,mouse3,self,rear,14869,14870
1179,438887472,mouse3,self,rear,14883,14886
1180,438887472,mouse3,self,rear,14890,14919
1181,438887472,mouse3,self,rear,14920,14921
1182,438887472,mouse3,self,rear,14930,14931
1183,438887472,mouse3,self,rear,14935,14942
1184,438887472,mouse3,self,rear,14943,14958
1185,438887472,mouse3,self,rear,14972,14974
1186,438887472,mouse3,self,rear,14975,14979
1187,438887472,mouse3,self,rear,14980,14981
1188,438887472,mouse3,self,rear,14984,14989
1189,438887472,mouse3,self,rear,15159,15160
1190,438887472,mouse3,self,rear,15166,15168
1191,438887472,mouse3,self,rear,15169,15173
1192,438887472,mouse3,self,rear,15177,15178
1193,438887472,mouse3,self,rear,15306,15309
1194,438887472,mouse3,self,rear,15313,15316
1195,438887472,mouse3,self,rear,15319,15320
1196,438887472,mouse3,self,rear,15326,15327
1197,438887472,mouse3,self,rear,15332,15337
1198,438887472,mouse3,self,rear,15338,15339
1199,438887472,mouse3,self,rear,15340,15343
1200,438887472,mouse3,self,rear,15345,15347
1201,438887472,mouse3,self,rear,15348,15353
1202,438887472,mouse3,self,rear,15356,15357
1203,438887472,mouse3,self,rear,15359,15361
1204,438887472,mouse3,self,rear,15365,15366
1205,438887472,mouse3,self,rear,15371,15372
1206,438887472,mouse3,self,rear,15377,15381
1207,438887472,mouse3,self,rear,15382,15383
1208,438887472,mouse3,self,rear,15387,15388
1209,438887472,mouse3,self,rear,15391,15392
1210,438887472,mouse3,self,rear,15400,15401
1211,438887472,mouse3,self,rear,15414,15415
1212,438887472,mouse3,self,rear,15418,15419
1213,438887472,mouse3,self,rear,15461,15462
1214,438887472,mouse3,self,rear,15468,15469
1215,438887472,mouse3,self,rear,15479,15480
1216,438887472,mouse3,self,rear,15500,15501
1217,438887472,mouse3,self,rear,15503,15507
1218,438887472,mouse3,self,rear,15510,15515
1219,438887472,mouse3,self,rear,15522,15523
1220,438887472,mouse3,self,rear,15526,15528
1221,438887472,mouse3,self,rear,15529,15532
1222,438887472,mouse3,self,rear,15537,15539
1223,438887472,mouse3,self,rear,15540,15547
1224,438887472,mouse3,self,rear,15548,15549
1225,438887472,mouse3,self,rear,15559,15560
1226,438887472,mouse3,self,rear,15561,15562
1227,438887472,mouse3,self,rear,15567,15568
1228,438887472,mouse3,self,rear,15708,15709
1229,438887472,mouse3,self,rear,15735,15736
1230,438887472,mouse3,self,rear,15744,15751
1231,438887472,mouse3,self,rear,15752,15753
1232,438887472,mouse3,self,rear,15798,15799
1233,438887472,mouse3,self,rear,15820,15821
1234,438887472,mouse3,self,rear,15824,15825
1235,438887472,mouse3,self,rear,15826,15827
1236,438887472,mouse3,self,rear,15835,15836
1237,438887472,mouse3,self,rear,15844,15845
1238,438887472,mouse3,self,rear,15857,15862
1239,438887472,mouse3,self,rear,15877,15878
1240,438887472,mouse3,self,rear,15881,15885
1241,438887472,mouse3,self,rear,15890,15891
1242,438887472,mouse3,self,rear,16003,16004
1243,438887472,mouse3,self,rear,16009,16010
1244,438887472,mouse3,self,rear,16012,16014
1245,438887472,mouse3,self,rear,16030,16031
1246,438887472,mouse3,self,rear,16039,16043
1247,438887472,mouse3,self,rear,16049,16050
1248,438887472,mouse3,self,rear,16094,16095
1249,438887472,mouse3,self,rear,16099,16100
1250,438887472,mouse3,self,rear,16118,16121
1251,438887472,mouse3,self,rear,16124,16126
1252,438887472,mouse3,self,rear,16169,16189
1253,438887472,mouse3,self,rear,16190,16195
1254,438887472,mouse3,self,rear,16197,16206
1255,438887472,mouse3,self,rear,16207,16227
1256,438887472,mouse3,self,rear,16228,16231
1257,438887472,mouse3,self,rear,16237,16240
1258,438887472,mouse3,self,rear,16257,16258
1259,438887472,mouse3,self,rear,16261,16264
1260,438887472,mouse3,self,rear,16265,16267
1261,438887472,mouse3,self,rear,16268,16275
1262,438887472,mouse3,self,rear,16278,16286
1263,438887472,mouse3,self,rear,16293,16294
1264,438887472,mouse3,self,rear,16298,16299
1265,438887472,mouse3,self,rear,16306,16307
1266,438887472,mouse3,self,rear,16323,16324
1267,438887472,mouse3,self,rear,16355,16356
1268,438887472,mouse3,self,rear,16383,16384
1269,438887472,mouse3,self,rear,16395,16396
1270,438887472,mouse3,self,rear,16397,16398
1271,438887472,mouse3,self,rear,16399,16400
1272,438887472,mouse3,self,rear,16412,16413
1273,438887472,mouse3,self,rear,16445,16447
1274,438887472,mouse3,self,rear,16448,16452
1275,438887472,mouse3,self,rear,16455,16457
1276,438887472,mouse3,self,rear,16458,16459
1277,438887472,mouse3,self,rear,16460,16461
1278,438887472,mouse3,self,rear,16463,16469
1279,438887472,mouse3,self,rear,16471,16472
1280,438887472,mouse3,self,rear,16473,16502
1281,438887472,mouse3,self,rear,16504,16509
1282,438887472,mouse3,self,rear,16519,16521
1283,438887472,mouse3,self,rear,16533,16537
1284,438887472,mouse3,self,rear,16539,16540
1285,438887472,mouse3,self,rear,16541,16544
1286,438887472,mouse3,self,rear,16550,16553
1287,438887472,mouse3,self,rear,16554,16570
1288,438887472,mouse3,self,rear,16571,16573
1289,438887472,mouse3,self,rear,16582,16584
1290,438887472,mouse3,self,rear,16587,16588
1291,438887472,mouse3,self,rear,16589,16591
1292,438887472,mouse3,self,rear,16592,16593
1293,438887472,mouse3,self,rear,16594,16605
1294,438887472,mouse3,self,rear,16606,16609
1295,438887472,mouse3,self,rear,16611,16613
1296,438887472,mouse3,self,rear,16614,16618
1297,438887472,mouse3,self,rear,16619,16622
1298,438887472,mouse3,self,rear,16623,16625
1299,438887472,mouse3,self,rear,16627,16628
1300,438887472,mouse3,self,rear,16629,16641
1301,438887472,mouse3,self,rear,16642,16643
1302,438887472,mouse3,self,rear,16644,16646
1303,438887472,mouse3,self,rear,16647,16648
1304,438887472,mouse3,self,rear,16649,16653
1305,438887472,mouse3,self,rear,16655,16668
1306,438887472,mouse3,self,rear,16674,16675
1307,438887472,mouse3,self,rear,16678,16679
1308,438887472,mouse3,self,rear,16683,16684
1309,438887472,mouse3,self,rear,16686,16688
1310,438887472,mouse3,self,rear,16689,16692
1311,438887472,mouse3,self,rear,16694,16695
1312,438887472,mouse3,self,rear,16696,16698
1313,438887472,mouse3,self,rear,16709,16710
1314,438887472,mouse3,self,rear,16713,16714
1315,438887472,mouse3,self,rear,16715,16717
1316,438887472,mouse3,self,rear,16721,16725
1317,438887472,mouse3,self,rear,17053,17054
1318,438887472,mouse3,self,rear,17058,17063
1319,438887472,mouse3,self,rear,17168,17169
1320,438887472,mouse3,self,rear,17171,17172
1321,438887472,mouse3,self,rear,17174,17175
1322,438887472,mouse3,self,rear,17369,17370
1323,438887472,mouse3,self,rear,17371,17372
1324,438887472,mouse3,self,rear,17388,17389
1325,438887472,mouse3,self,rear,17565,17566
1326,438887472,mouse3,self,rear,17771,17772
1327,438887472,mouse3,self,rear,17846,17848
1328,438887472,mouse3,self,rear,17852,17853
1329,438887472,mouse3,self,rear,17878,17879
1330,438887472,mouse3,self,rear,17887,17888
1331,438887472,mouse3,self,rear,17929,17931
1332,438887472,mouse3,self,rear,17941,17943
1333,438887472,mouse3,self,rear,17944,17955
1334,438887472,mouse3,self,rear,17959,17965
1335,438887472,mouse3,self,rear,17978,17980
1336,438887472,mouse3,self,rear,17981,17985
1337,438887472,mouse3,self,rear,17988,17989
1338,438887472,mouse3,self,rear,18000,18006
1339,438887472,mouse3,self,rear,18009,18011
1340,438887472,mouse3,self,rear,18036,18038
1341,438887472,mouse3,self,rear,18039,18041
1342,438887472,mouse3,self,rear,18042,18043
1343,438887472,mouse3,self,rear,18047,18048
1344,438887472,mouse3,self,rear,18086,18087
1345,438887472,mouse3,self,rear,18094,18095
1346,438887472,mouse3,self,rear,18133,18134
1347,438887472,mouse3,self,rear,18144,18145
1348,438887472,mouse3,self,rear,18183,18189
1349,438887472,mouse3,self,rear,18190,18193
1350,438887472,mouse3,self,rear,18199,18200
1351,438887472,mouse3,self,rear,18201,18202
1352,438887472,mouse3,self,rear,18205,18207
1353,438887472,mouse3,self,rear,18209,18214
1354,438887472,mouse3,self,rear,18235,18236
1355,438887472,mouse3,self,rear,18246,18247
1356,438887472,mouse3,self,rear,18252,18253
1357,438887472,mouse3,self,rear,18327,18328
1358,438887472,mouse3,self,rear,18330,18331
1359,438887472,mouse3,self,rear,18333,18337
1360,438887472,mouse3,self,rear,18405,18406
1361,438887472,mouse3,self,rear,18410,18411
1362,438887472,mouse3,self,rear,18412,18413
1363,438887472,mouse3,self,rear,18416,18417
1364,438887472,mouse3,self,rear,18418,18420
